{
  "project_info": {
    "project_number": "332477321063",
    "firebase_url": "https://pushtext-5a6c7.firebaseio.com",
    "project_id": "pushtext-5a6c7",
    "storage_bucket": "pushtext-5a6c7.appspot.com"
  },
  "client": [
    {
      "client_info": {
        "mobilesdk_app_id": "1:332477321063:android:bd9f37a0efc5a0a6",
        "android_client_info": {
          "package_name": "com.example.sulaiman.pushtext"
        }
      },
      "oauth_client": [
        {
          "client_id": "332477321063-df1ca44bhbti6ksmtgfe5fup5ebtghpg.apps.googleusercontent.com",
          "client_type": 1,
          "android_info": {
            "package_name": "com.example.sulaiman.pushtext",
            "certificate_hash": "0878208c8e126444bdeb0917a9deab6a06f50347"
          }
        },
        {
          "client_id": "332477321063-qtu7q8m4rq6ieqs3ggr5cirfgufajjpv.apps.googleusercontent.com",
          "client_type": 3
        },
        {
          "client_id": "332477321063-qtu7q8m4rq6ieqs3ggr5cirfgufajjpv.apps.googleusercontent.com",
          "client_type": 3
        }
      ],
      "api_key": [
        {
          "current_key": "AIzaSyCAtnrmvYc-YdcCa8_790bHvL2JzUh9pOo"
        }
      ],
      "services": {
        "analytics_service": {
          "status": 1
        },
        "appinvite_service": {
          "status": 2,
          "other_platform_oauth_client": [
            {
              "client_id": "332477321063-qtu7q8m4rq6ieqs3ggr5cirfgufajjpv.apps.googleusercontent.com",
              "client_type": 3
            }
          ]
        },
        "ads_service": {
          "status": 2
        }
      }
    }
  ],
  "configuration_version": "1"
}